Time,X,Vx,Fi,OmegaFiY
0.00000,0.01752,0.07555,75.29763,454.80898
0.10000,0.00847,-0.32077,133.46761,712.40473
0.20000,-0.03478,-0.34378,205.31130,581.03125
0.30000,-0.05109,-0.04038,239.57426,121.82691
0.40000,-0.04887,0.08837,233.44851,-226.71371
